;#99201_Produktion;#99300_Importsaldo;#99400_Speichersaldo (Entnahme - Einspeicherung);#99401_Speicherinhalt;#99402_Speichervolumen;#99990_Statistische Differenz;#99318_Exporte;#99328_Importe;#99010_Abgabe an Endverbraucher;#99050_Eigenverbrauch und Verluste;#99422_Speicher - Einspeicherung;#99202_Einspeisung biogener Gase;#99423_Speicher - Entnahme;#99310_Exporte;#99313_Exporte;#99311_Exporte;#99314_Exporte;#99316_Exporte;#99317_Exporte;#99315_Exporte;#99312_Exporte;#99320_Importe;#99323_Importe;#99321_Importe;#99324_Importe;#99326_Importe;#99327_Importe;#99325_Importe;#99322_Importe;#99001_Inlandaufkommen;#99002_Inlandgasverbrauch;#99200_Produktion (inkl, Einsp, biog, Gase)
2010-01-01;1397045;5169569.57;7820824.0;33832487.0;51906381.6;103126.694;111560.565;;14003524.74;281307.986;216572.0;520.85;8037396.0;31401760.436;3027858.871;0.0;21680921.0;2092868.0;4488552.0;0.0;0;36571330.006;2576338.643;0.0;;;;33953021.0;41970.363;9218389.85;14387959.42;1397565.85
2010-02-01;1372061;2727026.178;8030608.0;25801879.0;51906381.6;72252.429;90801.349;;11790854.497;266941.592;81797.0;353.34;8112405.0;27970457.349;2485748.0;0.0;19414716.0;1903870.0;4075322.0;0.0;0;30697483.527;2168949.255;0.0;;;;28513161.0;15373.272;9403022.34;12130048.518;1372414.34
2010-03-01;1547057;5704695.569;3247829.0;22554050.0;51906381.6;152133.576;81114.718;;10185885.029;162683.091;1696994.0;1120.127;4944823.0;24778009.718;3310759.0;0.0;15013398.0;1977276.0;4395462.0;0.0;0;30482705.287;4233960.555;0.0;;;;26193984.0;54760.732;4796006.127;10500701.696;1548177.127
2010-04-01;1463714;9122420.825;-2808160.0;25362210.0;51906381.6;85308.784;53396.0;;7638084.351;56094.549;4025172.0;1512.859;1217012.0;21287188.436;3353527.436;0.0;12157364.0;1590654.0;4132247.0;0.0;0;30409609.261;5620171.187;0.0;;;;24743502.0;45936.074;-1342933.141;7779487.684;1465226.859
2010-05-01;1493929;8475791.862;-3994285.0;29356495.0;51906381.6;45280.665;45258.08;;5890747.11;40519.555;4580290.0;1111.468;586005.0;21703497.08;2327196.0;0.0;13230963.0;1579677.0;3940037.0;580366.0;0;30179288.942;6674050.486;0.0;;;;23450416.0;54822.456;-2499244.532;5976547.33;1495040.468
2010-06-01;1464054;8281295.813;-4763692.0;34120187.0;51906381.6;35766.394;32529.999;;4833929.084;112388.545;5099168.0;426.21;335476.0;19777716.999;1552698.0;0.0;12336337.0;1641320.0;3742522.0;472310.0;0;28059012.812;6032330.622;0.0;;;;21973609.0;53073.19;-3299211.79;4982084.023;1464480.21
2010-07-01;1532118;7239398.069;-4058948.0;38179135.0;51906381.6;13715.47;24778.667;;4578334.926;121201.043;4375864.0;683.37;316916.0;20259225.667;863855.0;0.0;13470889.0;939919.0;3949984.0;1009800.0;0;27498623.736;5832840.055;0.0;;;;21622998.0;42785.681;-2526146.63;4713251.439;1532801.37
2010-08-01;1688684;6189453.171;-3347428.0;41526563.0;51906381.6;58956.843;27648.925;;4249002.599;223520.319;3732901.0;770.59;385473.0;21572714.173;706981.248;0.0;15676345.0;777148.0;3781787.0;602804.0;0;27762167.344;5741979.808;0.0;;;;21964482.0;55705.536;-1657973.41;4531479.761;1689454.59
2010-09-01;1436752;6385920.124;-1690397.0;43216960.0;51906381.6;108530.739;36629.278;;5793973.109;230433.656;2420732.0;662.38;730335.0;28665255.589;609171.311;0.0;23367257.0;919186.0;3482447.0;250565.0;0;35051175.713;5443429.52;0.0;;;;29553607.0;54139.193;-252982.62;6132937.504;1437414.38
2010-10-01;1582903;6522045.308;1791099.0;41425861.0;51906381.6;40572.71;56564.906;;9384918.433;471210.286;2072314.0;654.12;3863413.0;38423219.775;3119711.869;0.0;29195898.0;1709502.0;4036126.0;305417.0;0;44945265.083;7423131.016;0.0;;;;37466135.0;55999.067;3374656.12;9896701.428;1583557.12
2010-11-01;1538291;7864720.767;1041059.0;40384802.0;51906381.6;-2200.884;72465.437;;10064379.372;382588.429;1789237.0;696.15;2830296.0;38858958.914;2636237.477;0.0;29923718.0;1752767.0;4473771.0;0.0;0;46723679.681;6707300.3;0.0;;;;39962310.0;54069.381;2580046.15;10444766.917;1538987.15
2010-12-01;1537276;6134818.469;6620624.0;33764178.0;51906381.6;89452.13;98198.96;;13679529.764;524341.936;296877.0;605.36;6917501.0;42278649.067;2816331.107;0.0;32752817.0;2009746.0;4601556.0;0.0;0;48413467.536;3915231.831;0.0;;;;44442285.0;55950.705;8158505.36;14293323.829;1537881.36
2011-01-01;1577936;7289257.614;4479327.0;29284851.0;51906381.6;153542.306;94566.196;;12842397.26;353985.823;359997.0;3404.775;4839324.0;38421575.11;2597069.914;0.0;29370788.0;1709487.0;4649664.0;0.0;0;45710832.724;5569821.289;0.0;;;;40085881.0;55130.435;6060667.775;13349925.389;1581340.775
2011-02-01;1528274;5792570.725;4731728.0;24553123.0;51906381.6;90396.837;76618.248;;11555373.448;410120.48;485830.0;3318.04;5217558.0;34215570.248;2332622.0;0.0;25997571.0;1763210.0;4045549.0;0.0;0;40008140.973;5515281.147;0.0;;;;34442414.0;50445.826;6263320.04;12055890.765;1531592.04
2011-03-01;1572974;9346789.33;63775.0;24489348.0;51906381.6;109379.547;59490.617;;10515072.455;362640.018;1765325.0;3553.69;1829100.0;30977082.467;2262371.85;0.0;22286165.0;1696501.0;4672554.0;0.0;0;40323871.797;6386167.838;0.0;;;;33881950.0;55753.959;1640302.69;10987092.02;1576527.69
2011-04-01;1489721;14918386.462;-9465579.0;33954927.0;83378256.6;12606.384;38923.47;;6591168.943;342680.045;10117208.0;3926.91;651629.0;35460973.47;2749284.0;0.0;27494251.0;1063506.0;4033571.0;81438.0;0;50379359.932;8208207.482;0.0;;;;42117695.0;53457.45;-7971931.09;6946455.372;1493647.91
2011-05-01;1042660;13372384.968;-7931829.0;41886756.0;83378256.6;71580.306;33103.536;;6075440.535;338408.517;8151111.0;2213.39;219282.0;33766754.536;2946940.0;0.0;24835489.0;1089374.0;3849280.0;1012568.0;0;47139139.504;8622597.828;0.0;;;;38460640.0;55901.676;-6886955.61;6485429.358;1044873.39
2011-06-01;1396345;13346695.575;-10171306.0;52058062.0;83378256.6;85089.816;27039.796;;4285170.051;202975.848;10383620.0;1501.14;212314.0;24025761.716;3456687.92;0.0;15126339.0;1012777.0;3498502.0;904416.0;0;37372457.291;9243317.07;0.0;;;;28075043.0;54097.221;-8773459.86;4573235.715;1397846.14
2011-07-01;1529347;11088820.024;-8137236.0;60195298.0;83378256.6;79162.599;26209.617;;4289457.898;115385.826;8402536.0;3075.3;265300.0;25294594.855;2659102.238;0.0;17255801.0;943081.0;2819684.0;1590717.0;0;36383414.879;9562011.812;0.0;;;;26765286.0;56117.067;-6604813.7;4484006.324;1532422.3
2011-08-01;1518655;7796567.566;-5202192.0;65397490.0;83378256.6;64219.97;23937.109;;3907499.143;143612.853;5440300.0;2301.4;238108.0;23928523.109;1417117.0;0.0;16994880.0;1259520.0;3249371.0;983698.0;0;31725090.675;8499631.106;0.0;;;;23169211.0;56248.569;-3681235.6;4115331.966;1520956.4
2011-09-01;1528834;6300122.471;-2541948.0;67939438.0;83378256.6;28967.482;29678.397;;4972012.226;288808.593;3181113.0;2779.83;639165.0;27316029.397;1568308.0;0.0;20543416.0;1162852.0;3537253.0;474522.0;0;33616151.868;7203403.125;0.0;;;;26410471.0;2277.743;-1010334.17;5289788.301;1531613.83
2011-10-01;1522259;6515301.674;263076.0;67676362.0;83383851.6;-198704.036;54148.773;;8140673.125;362054.144;3363245.0;3386.56;3626321.0;36267507.036;4262473.263;0.0;27126312.0;1477206.0;3346663.0;704.0;0;42782808.71;6717814.709;0.0;;;;36064994.0;0.001;1788721.56;8304023.234;1525645.56
2011-11-01;1497402;4933858.578;4874471.0;62801891.0;83383851.6;-93929.614;73557.277;;11058235.841;344765.051;1943905.0;3339.7;6818376.0;39705362.277;4596800.0;0.0;28854779.0;1784626.0;4395600.0;0.0;0;44639220.855;4190759.837;0.0;;;;40394812.0;53649.018;6375212.7;11309071.278;1500741.7
2011-12-01;1584994;3030720.345;6968493.0;55833398.0;83383851.6;15455.103;73557.277;;11352348.636;218492.266;517351.0;2088.66;7485844.0;35087419.259;4684098.982;0.0;23697134.0;1869899.0;4700953.0;61777.0;0;38118139.604;2584694.546;0.0;;;;35477461.0;55984.058;8555575.66;11586296.005;1587082.66
2012-01-01;2335724;3444088.929;6704496.0;48278062.0;83383851.6;82954.11;97148.542;;12141507.349;263248.24;385979.0;3400.77;7090475.0;36244172.41;4448310.868;0.0;25093194.0;1891113.0;4714406.0;0.0;0;39688261.339;4462453.41;0.0;;;;35225348.0;459.929;9043620.77;12487709.699;2339124.77
2012-02-01;2153326;-1375313.3;13681089.0;33823702.0;83383851.6;28861.455;106136.506;;13878279.776;555124.129;452346.0;3163.66;14133435.0;42433430.842;8392281.336;0.0;27531506.0;2160493.0;4243014.0;0.0;0;41058117.542;4679302.345;0.0;;;;36378201.0;614.197;15837578.66;14462265.36;2156489.66
2012-03-01;1382809;8241681.392;-548613.0;34372315.0;83383851.6;33857.868;59638.268;;8726786.635;319108.719;3142442.0;3875.83;2593829.0;27812284.786;3404446.518;0.0;18138194.0;1661738.0;4548268.0;0.0;0;36053966.178;7928100.178;0.0;;;;28125866.0;0.0;838071.83;9079753.222;1386684.83
2012-04-01;1509072;9014781.248;-3481555.0;37853870.0;83383851.6;1936.134;48832.305;;6830374.285;213552.72;4337620.0;3564.89;856065.0;27518200.944;2778415.639;0.0;19261743.0;1366604.0;4026485.0;36121.0;0;36532982.192;8463016.192;0.0;;;;28069966.0;0.0;-1968918.11;7045863.138;1512636.89
2012-05-01;1522898;9665875.327;-6433108.0;44286978.0;83383851.6;-7191.07;33892.936;;4438396.411;328106.716;6774168.0;3646.73;341060.0;23389369.936;2077158.0;0.0;15720287.0;1477044.0;3904707.0;176281.0;0;33055245.263;8717550.263;0.0;;;;24337695.0;0.0;-4906563.27;4759312.057;1526544.73
2012-06-01;1262909;8704098.825;-5707876.0;49994854.0;83383851.6;-4078.229;35617.816;;4082754.456;184460.788;6264871.0;4005.19;556995.0;24258529.816;2413956.0;0.0;16391038.0;1369003.0;3791051.0;257864.0;0;32962628.641;9515886.012;7976.629;;;;23438766.0;0.0;-4440961.81;4263137.015;1266914.19
2012-07-01;1540871;10199007.411;-7775189.0;57770043.0;83383851.6;-96127.405;23024.936;;3809195.254;254855.083;8092019.0;3233.52;316830.0;27312254.936;2217746.0;0.0;19801441.0;1372072.0;3882923.0;15048.0;0;37511262.347;9243749.456;0.0;;;;28245358.0;22154.891;-6231084.48;3967922.931;1544104.52
2012-08-01;1637598;9186590.276;-6712368.0;64482411.0;83383851.6;-4670.169;19397.177;;3833794.53;285560.385;7120499.0;2864.47;408131.0;25844637.735;1225873.558;0.0;19205151.0;1418972.0;3802606.0;172638.0;0;35031228.011;6728549.72;0.0;;;;28280276.0;22402.291;-5071905.53;4114684.746;1640462.47
2012-09-01;1582283;11827912.292;-8623988.0;73106399.0;83383851.6;26159.31;36518.819;;4467772.531;295335.262;9118495.0;3059.81;494507.0;27739471.819;2647938.0;0.0;20144495.0;1457310.0;3423235.0;29975.0;0;39567384.111;8495152.3;0.0;;;;31050531.0;21700.811;-7038645.19;4789267.102;1585342.81
2012-10-01;1358996;7289296.774;-730014.0;73836413.0;83383851.6;17931.153;50595.713;;7655565.534;248612.518;5093211.0;3830.43;4363197.0;32164654.74;5730454.027;0.0;21028636.0;1505630.0;3794468.0;54871.0;0;39453951.514;7256201.349;0.0;;;;32192301.0;5449.165;632812.43;7922109.204;1362826.43
2012-11-01;1376453;4898269.444;3377163.0;70459250.0;83383851.6;14350.095;70402.323;;9344857.934;296269.745;1779178.0;3592.33;5156341.0;31888951.057;5629079.734;0.0;20365812.0;1768895.0;4054762.0;0.0;0;36787220.501;2452615.501;0.0;;;;34334605.0;0.0;4757208.33;9655477.774;1380045.33
2012-12-01;1456154;1725802.544;9157872.0;61301378.0;83383851.6;121196.187;92924.519;;11850167.57;372131.447;765124.0;3666.66;9922996.0;42065049.152;6698278.633;0.0;28535457.0;2199379.0;4539010.0;0.0;0;43790851.696;2168837.696;0.0;;;;41622014.0;0.0;10617692.66;12343495.204;1459820.66
2013-01-01;1476396;-1294762.192;12782256.0;48525883.0;83383851.6;-67461.22;98542.322;;12597153.6;438832.582;163374.0;4635.154;12945630.0;40534395.802;6878631.48;0.0;27284600.0;2133590.0;4139032.0;0.0;0;39239633.61;2941789.61;0.0;;;;36297844.0;0.0;14263287.154;12968524.962;1481031.154
2013-02-01;1332722;-4774014.018;14626906.0;33898977.0;83383851.6;24621.776;93766.612;;10877711.239;287018.397;794034.0;3737.43;15420940.0;41152883.508;10968721.896;0.0;24369443.0;1959949.0;3761003.0;0.0;0;36378869.49;3736448.49;0.0;;;;32642421.0;0.0;15963365.43;11189351.412;1336459.43
2013-03-01;1508243;-6572311.723;15732274.0;18166866.0;83383851.6;-31564.48;79921.433;;10284099.193;421261.136;872954.0;5590.572;16605228.0;47703209.649;15986571.216;0.0;27304485.0;1994737.0;2337495.0;0.0;0;41130897.926;4654617.926;0.0;;;;36476280.0;0.0;17246107.572;10673795.849;1513833.572
2013-04-01;1476503;2997899.567;2617960.0;15442844.0;83383851.6;-13830.523;54505.536;;6743881.58;367568.107;2573696.0;5256.597;5191656.0;38704922.072;6938595.536;0.0;27699235.0;1541410.0;2471176.0;0.0;0;41702821.639;3875873.639;0.0;;;;37826948.0;0.0;4099719.597;7097619.164;1481759.597
2013-05-01;1264398;6479910.812;-2589381.0;17830026.0;83383851.6;42837.019;43211.449;;4806920.794;310694.178;4360372.0;5524.179;1770991.0;35332437.932;3714976.483;0.0;27329347.0;1347684.0;2871427.0;25792.0;0;41812348.744;6788070.744;0.0;;;;35024278.0;0.0;-1319458.821;5160451.991;1269922.179
2013-06-01;1428857;9337344.889;-6716816.0;24546842.0;83383851.6;-25838.028;33203.907;;3785479.631;294010.616;7054910.0;4266.33;338094.0;32694405.835;2950906.928;0.0;24499965.0;1303750.0;3468793.0;437787.0;0;42031750.724;8517121.26;0.0;;;;33471161.0;43468.464;-5283692.67;4053652.219;1433123.33
2013-07-01;1220846;14741602.82;-12337250.0;36884092.0;83383851.6;-67716.257;24144.593;;3305740.535;391829.928;12500316.0;4655.386;163066.0;33295731.539;3299700.946;0.0;25063236.0;1307485.0;2762480.0;838685.0;0;48037334.359;12176109.359;0.0;;;;35861225.0;0.0;-11111748.614;3629854.206;1225501.386
2013-08-01;1261503;15376357.783;-12818358.0;49702450.0;83383851.6;-8511.559;22588.818;;3387918.855;444670.102;12901850.0;4574.615;83492.0;31312370.453;2697472.635;0.0;23236281.0;1114456.0;2825488.0;1416084.0;0;46688728.236;11559238.297;47332.939;;;;35082157.0;0.0;-11552280.385;3824077.398;1266077.615
2013-09-01;1110186;13858627.392;-9927832.0;59630282.0;83383851.6;-17879.85;35425.966;;4651537.074;411498.492;10100459.0;4174.324;172627.0;33424369.74;3206233.524;10015.25;24563204.0;1043276.0;3164130.0;1402085.0;0;47282997.132;11429802.9;64842.232;;;;35788352.0;0.0;-8813471.676;5045155.716;1114360.324
2013-10-01;1070329;13259122.956;-7224135.0;66854417.0;83383851.6;1085.869;50257.898;;6696256.116;411800.456;7343510.0;3825.486;119375.0;33000818.227;2123068.901;9152.428;24040452.0;1714025.0;4039065.0;1024797.0;0;46259941.183;9530199.183;0.0;;;;36729742.0;0.0;-6149980.514;7109142.442;1074154.486
2013-11-01;1064426;3585464.884;4632998.0;62221419.0;83383851.6;-8787.092;80413.292;;8915549.393;379508.545;1356817.0;3381.962;5989815.0;38017285.83;4034628.538;0.0;27531945.0;2027850.0;4317329.0;25120.0;0;41602750.714;2233434.714;0.0;;;;39369316.0;0.0;5700805.962;9286270.846;1067807.962
2013-12-01;1164497;1049620.637;8913843.0;53307576.0;83383851.6;104910.741;95947.22;;10520028.904;506724.423;498918.0;3703.431;9412761.0;46182957.036;5447726.816;0.0;34456574.0;2074191.0;4108518.0;0.0;0;47232577.673;3427497.673;0.0;;;;43805080.0;0.0;10082043.431;11131664.068;1168200.431
2014-01-01;1260671;-400616.322;10392159.0;42557269.0;83383851.6;72365.376;87578.728;;10783522.873;403255.478;261575.0;6930.048;10653734.0;44629410.267;6823281.539;0.0;32668140.0;1757864.0;3292546.0;0.0;0;44228793.945;3295580.945;0.0;;;;40933213.0;0.0;11659760.048;11259143.726;1267601.048
2014-02-01;1183182;-1589203.39;9884908.0;32440740.0;83383851.6;-26392.279;70201.969;;9061043.943;450764.797;624284.0;6529.851;10509192.0;38926152.241;6244563.272;0.0;28561567.0;1489414.0;2560406.0;0.0;0;37336948.851;5838087.851;0.0;;;;31498861.0;0.0;11074619.851;9485416.461;1189711.851
2014-03-01;1219759;8123197.919;-1374961.0;33452549.0;83383851.6;8263.047;65173.395;;7514948.096;452535.656;3960851.0;7750.88;2585890.0;37076895.953;3425681.558;0.0;29141874.0;1341979.0;2740270.0;361918.0;0;45200093.872;7563214.872;0.0;;;;37636879.0;0.0;-147451.12;7975746.799;1227509.88
2014-04-01;1162942;14079965.779;-9134883.0;44199932.0;91982871.0;12650.936;44438.982;;5677066.52;425454.967;9503525.0;7147.644;368642.0;36899575.108;2486493.684;3056.442;27754065.0;1296952.0;3266528.0;2048041.0;0;50979540.887;13361278.887;0.0;;;;37618262.0;0.0;-7964793.356;6115172.423;1170089.644
2014-05-01;1193024;13671282.813;-9403612.0;53603544.0;91982871.0;-42415.158;41162.404;;5121774.77;388133.044;10191355.0;6797.843;787743.0;37241547.56;2819931.156;0.0;26663703.0;1175973.0;3790067.0;2750711.0;0;50912830.373;13740699.373;0.0;;;;37172131.0;0.0;-8203790.157;5467492.656;1199821.843
2014-06-01;1287927;13471722.328;-10432977.0;64036521.0;91982871.0;186409.722;26534.655;;3773990.437;372443.301;11049054.0;6171.131;616077.0;31528802.392;852944.737;0.0;23922980.0;1246979.0;3533499.0;1945865.0;0;45000524.72;10964203.72;0.0;;;;34036321.0;0.0;-9138878.869;4332843.459;1294098.131
2014-07-01;1140725;12335668.676;-9284802.0;73321323.0;91982871.0;24001.202;25292.061;;3796051.963;377966.275;10330097.0;6427.764;1045295.0;31889083.017;1675829.956;0.0;22462104.0;1337380.0;4733708.0;1654769.0;0;44224751.693;12483650.693;0.0;;;;31741101.0;0.0;-8137649.236;4198019.44;1147152.764
2014-08-01;1172814;12982279.537;-10142150.0;83463473.0;91982871.0;-30221.46;25809.278;;3732009.879;317816.845;11146781.0;6661.727;1004631.0;24041112.181;1990388.903;0.0;14609097.0;1333637.0;4693556.0;1388624.0;0;37023391.718;12196134.718;0.0;;;;24827257.0;0.0;-8962674.273;4019605.264;1179475.727
2014-09-01;1022073;6476988.831;-2392462.0;85855935.0;91982871.0;27210.896;32372.812;;4800878.857;285053.396;4736381.0;6543.319;2343919.0;20269434.955;344032.143;0.0;13387062.0;1459169.0;4534557.0;512242.0;0;26746423.786;10040024.786;0.0;;;;16706399.0;0.0;-1363845.681;5113143.15;1028616.319
2014-10-01;1117223;4376459.082;1423050.0;84432885.0;91982871.0;45043.151;46633.054;;6585986.583;294408.839;2967038.0;8706.491;4390088.0;22741502.331;209836.277;0.0;16172490.0;1744131.0;4253805.0;314607.0;0;27117961.413;9797357.413;0.0;;;;17320604.0;0.0;2548979.491;6925438.573;1125929.491
2014-11-01;1089369;2314531.233;4675561.0;79757324.0;91982871.0;-58612.19;61517.09;;7852849.502;295847.107;1135730.0;10623.186;5811291.0;25064528.249;1304890.159;0.0;18446172.0;1880188.0;3242574.0;129187.0;0;27379059.482;8384858.482;0.0;;;;18994201.0;0.0;5775553.186;8090084.419;1099992.186
2014-12-01;1171013;-3827669.319;13210124.0;66547200.0;91982871.0;78145.324;87646.427;;10098276.687;384564.201;127712.0;7518.531;13337836.0;30993531.347;3240594.92;0.0;20815140.0;2118131.0;3100099.0;1631920.0;0;27165862.028;7595290.028;0.0;;;;19570572.0;0.0;14388655.531;10560986.212;1178531.531
2015-01-01;1169523;-3123979.3;13332010.0;53258407.0;91982871.0;70004.407;96387.849;;10945810.704;367344.079;241174.0;5605.49;13573184.0;30455229.944;4849706.095;0.0;20939917.0;2055074.0;2514145.0;0.0;0;27331250.644;6713449.644;0.0;;;;20617801.0;0.0;14507138.49;11383159.19;1175128.49
2015-02-01;1076918;-6411082.416;15654823.0;37603584.0;91982871.0;51542.736;93669.856;;9919506.053;357379.425;485551.0;7769.63;16140374.0;30576751.151;5363392.295;0.0;21028450.0;1930366.0;2160873.0;0.0;0;24165668.735;5638484.735;0.0;;;;18527184.0;0.0;16739510.63;10328428.214;1084687.63
2015-03-01;1252719;-4053563.587;12475611.0;25127973.0;91982871.0;-40732.642;70900.327;;9216422.007;509165.001;196333.0;10087.953;12671944.0;39123559.883;4926971.556;0.0;28663718.0;1717518.0;3744452.0;0.0;0;35069996.296;7315331.296;0.0;;;;27754665.0;0.0;13738417.953;9684854.366;1262806.953
2015-04-01;1089182;3662183.591;1965702.0;23162271.0;91982871.0;-37097.673;51367.684;;6392593.868;371233.518;1105698.0;9662.123;3071400.0;32902143.524;1908367.84;0.0;27074881.0;1273577.0;2452196.0;141754.0;0;36564327.115;3868278.115;0.0;;;;32696049.0;0.0;3064546.123;6726729.714;1098844.123
2015-05-01;931320;12393673.621;-8415598.0;31577869.0;91982871.0;11078.003;35896.879;;4541166.092;365753.391;8495160.0;8601.865;79562.0;32968436.806;1678879.927;0.0;28068710.0;1232548.0;1462483.0;489919.0;0;45362110.427;10546876.427;0.0;;;;34815234.0;0.0;-7475676.135;4917997.486;939921.865
2015-06-01;1083634;12649394.527;-9954667.0;41532536.0;91982871.0;28084.922;26625.53;;3437142.861;321373.901;10238131.0;8240.157;283464.0;33177935.287;1508724.757;0.0;25709383.0;1175045.0;3337579.0;1420578.0;0;45827329.814;10635556.814;0.0;;;;35191773.0;0.0;-8862792.843;3786601.684;1091874.157
2015-07-01;1051315;13667671.564;-10493495.0;52026031.0;92684751.0;27882.449;21697.251;;3826648.224;379548.566;10710731.0;8587.676;217236.0;34766373.768;1255743.517;0.0;28785899.0;1317325.0;1561028.0;1824681.0;0;48434045.332;11146930.332;0.0;;;;37287115.0;0.0;-9433592.324;4234079.24;1059902.676
2015-08-01;1032067;12023225.036;-8768526.0;60794557.0;92684751.0;42809.533;22389.422;;3869626.234;382537.392;9619947.0;8207.123;851421.0;34087423.755;2016966.333;0.0;27320168.0;954954.0;1673628.0;2099318.0;0;46110648.791;12502628.791;0.0;;;;33608020.0;0.0;-7728251.877;4294973.159;1040274.123
2015-09-01;1053181;10786532.527;-6531084.0;67325641.0;92684751.0;-60567.257;21523.784;;5104007.255;274716.362;7233228.0;9526.834;702144.0;35063653.573;2026418.2;6841.589;27305133.0;1276524.0;2900923.0;1526290.0;0;45850186.1;8913057.1;0.0;;;;36937129.0;0.0;-5468376.166;5318156.361;1062707.834
2015-10-01;1185455;8376513.128;-1643641.0;68969282.0;92684751.0;4764.098;56949.028;;7629801.13;294007.058;3471259.0;10245.158;1827618.0;33236230.403;2423472.255;24034.12;25580623.0;1868797.0;1779123.0;1503232.0;0;41612743.531;7178790.531;0.0;;;;34433953.0;0.0;-447940.842;7928572.286;1195700.158
2015-11-01;1112526;2946758.471;5332660.0;63636622.0;92684751.0;-79907.831;70257.76;;9200267.791;279873.73;1407810.0;8289.219;6740470.0;31771374.856;3387783.096;0.0;23259569.0;2066285.0;2626674.0;360806.0;0;34718133.327;8605002.327;0.0;;;;26113131.0;0.0;6453475.219;9400233.69;1120815.219
2015-12-01;1368616;1173200.735;8083610.0;55553012.0;92684751.0;-360535.18;88287.713;;10502368.063;494979.406;822016.0;11385.554;8905626.0;38512205.614;3489133.901;0.0;28883562.0;2633197.0;3375121.0;42904.0;0;39685406.349;7824082.349;0.0;;;;31861324.0;0.0;9463611.554;10636812.289;1380001.554
2016-01-01;1179734;105885.186;11182368.0;44445098.0;92684751.0;-17105.865;92971.787;;12079861.126;417791.412;231376.0;12559.487;11413744.0;30728203.821;2994498.034;0.0;21496005.0;2593773.0;3400026.0;150930.0;0;30834089.007;6016601.007;0.0;;;;24817488.0;0.0;12374661.487;12480546.673;1192293.487
2016-02-01;1036544;1494686.05;6674980.0;37770376.0;92684751.0;-192414.744;76543.092;;8964316.649;446510.194;357593.0;12202.049;7032573.0;34832443.621;3632784.529;0.0;25173209.0;2159325.0;3650955.0;139627.0;0;36327129.671;7157011.671;0.0;;;;29170118.0;0.0;7723726.049;9218412.099;1048746.049
2016-03-01;1058036;4023066.68;4303061.0;33521135.0;92684751.0;103649.197;76043.816;;8893457.341;398785.244;559601.0;11728.102;4862662.0;38909680.274;2444325.458;0.0;30562265.0;2250907.0;3460859.0;115280.0;0;42932746.954;4749440.954;0.0;;;;38183306.0;0.0;5372825.102;9395891.782;1069764.102
2016-04-01;997204;11551248.751;-5476354.0;38831324.0;94618751.0;157099.836;47190.598;;6635609.819;288219.898;6015092.0;8830.802;538738.0;27747922.133;1227158.535;0.0;20377365.0;1738236.0;3527966.0;830006.0;0;39299170.884;9045736.884;0.0;;;;30253434.0;0.0;-4470319.198;7080929.553;1006034.802
2016-05-01;1020988;12291841.798;-7972570.0;46633603.0;94970884.0;-37050.885;38476.643;;4973707.801;411687.441;8404132.0;8084.559;431562.0;37788531.328;1358277.602;5182.083;28708386.0;1437875.0;3568805.0;2671529.0;0;50080373.126;10974869.126;0.0;;;;39105504.0;0.0;-6943497.441;5348344.357;1029072.559
2016-06-01;867206;14456215.023;-11398432.0;57866455.0;94970884.0;-2137.74;27420.545;;3630287.662;305521.987;11723895.0;8682.886;325463.0;33541628.071;2278346.526;0.0;23738732.0;1470871.0;3227240.0;2799018.0;0;47997843.094;10590699.094;0.0;;;;37407144.0;0.0;-10522543.114;3933671.909;875888.886
2016-07-01;1065838;16830577.467;-13875285.0;71568276.0;94970884.0;-38189.853;21613.587;;3634409.314;435506.802;14159953.0;10595.796;284668.0;29321766.989;2303021.402;0.0;19635252.0;942768.0;3189467.0;3229645.0;0;46152344.456;13534050.456;0.0;;;;32618294.0;0.0;-12798851.204;4031726.263;1076433.796
2016-08-01;1049806;12405392.955;-9528478.0;80927895.0;94970884.0;4159.224;21864.027;;3596515.269;337028.283;10488171.0;10981.821;959693.0;27479710.989;1259461.402;2.56;16866158.0;1430695.0;3982162.0;3919368.0;0;39885103.944;11645775.944;0.0;;;;28239328.0;0.0;-8467690.179;3937702.776;1060787.821
2016-09-01;1035948;10026569.859;-5797905.0;86569034.0;94970884.0;-53760.253;28395.992;;4965683.721;362799.241;7007163.0;10109.85;1209258.0;32062529.068;859774.284;103.792;23813297.0;1661627.0;3962736.0;1736595.0;0;42089098.927;7805614.927;0.0;;;;34283484.0;0.0;-4751847.15;5274722.709;1046057.85
2016-10-01;1076674;4650591.295;2749673.0;83822190.0;94970884.0;-57924.191;55761.758;;7967107.224;580547.053;2545922.0;12791.791;5295595.0;42943693.946;3192231.188;0.0;30754250.0;2178343.0;2916711.0;3846397.0;0;47594285.241;7367096.241;0.0;;;;40227189.0;0.0;3839138.791;8489730.086;1089465.791
2016-11-01;1113314;-475901.856;10089501.0;73728706.0;94970884.0;27205.333;71759.513;;10261689.291;450541.146;215649.0;12522.626;10305150.0;39261888.252;3957713.739;0.0;27080705.0;2392018.0;3294130.0;2465562.0;0;38785986.396;3402263.396;0.0;;;;35383723.0;0.0;11215337.626;10739435.77;1125836.626
2016-12-01;1092488;-6990714.08;18777205.0;54949879.0;94970884.0;49188.81;101362.734;;12362864.223;478577.164;244811.0;11651.277;19022016.0;42377648.823;7069802.089;0.0;26338067.0;2658963.0;4314086.0;1895368.0;0;35386934.743;4408017.743;0.0;;;;30978917.0;0.0;19881344.277;12890630.197;1104139.277
2017-01-01;1267205;-4659072.791;20092207.26;34843068.716;94970884.0;50175.358;121560.029;;15948013.569;712609.507;293988.349;10458.965;20386195.609;49338736.078;8000566.049;0.0;33067857.0;3053662.0;3528059.0;1567032.0;0;44679663.287;2687821.287;0.0;;;;41991842.0;0.0;21369871.225;16710798.434;1277663.965
2017-02-01;827824;-3484624.239;14383760.164;20459308.553;94970884.0;97266.544;76929.178;;11212498.369;427781.995;654737.091;10586.983;15038497.255;36195869.431;6820819.253;0.0;21406590.0;2388664.0;3409939.0;2092928.0;0;32711245.192;1941756.192;0.0;;;;30769489.0;0.0;15222171.147;11737546.908;838410.983
2017-03-01;1002444;1483836.002;6627126.849;13832181.703;94970884.0;895.727;64615.911;;8821733.299;304370.05;1384770.763;13592.225;8011897.612;27541833.38;3361200.469;0.0;16380034.0;2061126.0;2626261.0;3048596.0;0;29025669.382;3469501.382;0.0;;;;25556168.0;0.0;7643163.074;9126999.076;1016036.225
2017-04-01;1018955;9415208.453;-2984064.47;16652086.173;91774211.0;-59594.475;54338.507;;7075921.884;446805.132;4667862.685;13033.558;1683798.215;37611441.859;1331840.352;0.0;28688415.0;1752922.0;3996537.0;1787389.0;0;47026650.312;6570829.312;0.0;;;;40455821.0;0.0;-1952075.912;7463132.541;1031988.558
2017-05-01;1325346;11996818.92;-8026410.3;24508864.473;91774211.0;36356.941;37168.448;;4763143.961;508919.882;8959640.8;12666.164;933230.5;40970454.439;2011126.991;0.0;30813082.0;1650665.0;3857845.0;2600567.0;0;52967273.359;11541714.342;6209.017;;;;41419350.0;0.0;-6688398.136;5308420.784;1338012.164
2017-06-01;1217571;11130937.866;-7847999.9;32192704.373;91774211.0;-262234.951;24239.178;;4324773.553;448115.121;8859405.9;10144.758;1011406.0;38249645.419;2042760.241;0.0;28512736.0;1693066.0;4231196.0;1745648.0;0;49380583.285;10793000.227;9700.058;;;;38577883.0;0.0;-6620284.142;4510653.724;1227715.758
2017-07-01;1158966;17368166.208;-13971613.297;45994685.673;91774211.0;-12847.373;23538.473;;4162236.841;417631.321;14288402.299;11501.877;316789.002;35278429.323;3434175.85;0.0;24380495.0;1858842.0;4041542.0;1539836.0;0;52646595.531;12745945.531;0.0;;;;39900650.0;0.0;-12801145.42;4567020.788;1170467.877
2017-08-01;1236063;20961562.937;-17346184.406;63171238.077;91774211.0;25951.232;22673.749;;4337557.655;500405.015;17554796.004;12472.371;208611.598;43483752.948;5184584.199;0.0;28804159.0;1956939.0;3853055.0;3662342.0;0;64445315.885;14821694.493;0.0;;;;49614013.0;9608.392;-16097649.035;4863913.902;1248535.371
2017-09-01;1033970;17476614.875;-12614311.906;75621389.983;91774211.0;-20927.976;40225.51;;5463310.52;467133.128;12904934.16;13242.703;290622.254;34399073.433;3199201.923;0.0;23169987.0;1628939.0;3454207.0;2906513.0;0;51875688.308;10871901.308;0.0;;;;41003787.0;0.0;-11567099.203;5909515.672;1047212.703
2017-10-01;994828;11803167.977;-4990115.985;80611505.968;91774211.0;-32080.35;53491.847;;7465601.693;388570.644;7049397.875;14211.995;2059281.89;31868222.776;2895888.929;0.0;21673185.0;1350155.0;4430493.0;1465009.0;0;43671390.753;9918810.753;0.0;;;;33752580.0;0.0;-3981075.99;7822091.987;1009039.995
2017-11-01;1172514;4918429.315;4637269.049;75974236.921;91774211.0;36124.685;83076.356;;10268641.703;436015.56;1383859.978;12569.584;6021129.027;37845276.47;4118328.135;609.979;27328756.0;1394069.0;3534267.0;1386170.0;0;42763705.785;2997781.408;642.377;;;;39765282.0;0.0;5822352.633;10740781.948;1185083.584
2017-12-01;1221055;-6998551.452;17487357.7;58567419.922;91774211.0;-140201.065;101395.827;;11319890.723;544361.597;495160.42;14190.006;17982518.12;48430642.072;11007545.245;0.0;32106742.0;1805328.0;3389188.0;20443.0;0;41432090.62;2854900.62;0.0;;;;38577190.0;0.0;18722602.706;11724051.254;1235245.006
2018-01-01;1183685;-5380015.537;16080151.269;42484610.187;91774211.0;223648.833;91045.958;;11394127.491;281670.211;613175.726;15625.803;16693326.995;32115692.625;10150392.667;0.0;17670230.0;1440438.0;2750814.0;12772.0;0;26735677.088;1851024.088;0.0;;;;24884653.0;0.0;17279462.072;11899446.535;1199310.803
2018-02-01;1073098;-5574360.781;17026918.696;25457691.489;91774211.0;-18182.832;99144.342;;12051498.933;506096.77;425310.848;13756.957;17452229.544;42701807.635;12072554.293;0.0;27889292.0;1624577.0;1016240.0;0.0;0;37127446.854;2933118.854;0.0;;;;34194328.0;0.0;18113773.653;12539412.872;1086854.957
2018-03-01;1177828;-1636910.94;12117628.224;13340063.266;91774211.0;54316.231;82564.583;;11149733.115;469263.671;697220.052;14767.734;12814848.276;44988630.507;11502751.924;0.0;28380331.0;1592033.0;1768726.0;1662224.0;0;43351719.567;2824068.567;0.0;;;;40527651.0;0.0;13310223.958;11673313.018;1192595.734
2018-04-01;871667;12964232.035;-8201485.184;21541548.449;91774211.0;-41145.524;40606.978;;5085876.406;605279.837;8898683.347;15596.868;697198.163;41735960.26;3039767.282;0.0;33288192.0;919068.0;2383883.0;2064443.0;0;54700192.295;9407216.295;0.0;;;;45292976.0;0.0;-7314221.316;5650010.719;887263.868
2018-05-01;931196;11624513.835;-8155347.488;29696895.937;91774211.0;49159.377;31384.932;;3933356.774;432832.076;9265620.764;14985.88;1110273.276;40349850.109;3409700.177;0.0;31143336.0;819182.0;1410417.0;3535830.0;0;51974363.944;12370456.944;0.0;;;;39603907.0;0.0;-7209165.608;4415348.227;946181.88
2018-06-01;946912;12206581.012;-8841196.032;38538091.97;91774211.0;-3528.715;24669.222;;3924477.23;405468.731;9481133.614;14120.266;639937.582;35446380.007;1151535.785;0.0;27526456.0;771515.0;3487065.0;2485139.0;0;47652961.019;9962252.019;0.0;;;;37690709.0;0.0;-7880163.766;4326417.246;961032.266
2018-07-01;995140;12251627.443;-8741259.483;47097071.457;91774211.0;30996.86;21824.718;;3962819.018;527135.971;9784709.782;15443.889;1043450.299;39241444.123;1989760.405;0.0;31024268.0;783533.0;3317608.0;2104450.0;0;51493071.566;10415166.566;0.0;;;;41077905.0;0.0;-7730675.594;4520951.849;1010583.889
2018-08-01;854688;14183349.768;-10320279.449;57328430.901;91774211.0;-50797.145;20656.331;;4254672.671;529544.634;11022108.441;15661.841;701828.992;36903528.948;1378644.617;0.0;29523954.0;769962.0;2457482.0;2752830.0;0;51086878.716;13014749.716;0.0;;;;38072129.0;0.0;-9449929.608;4733420.16;870349.841
2018-09-01;649231;11899317.308;-6672944.183;64030175.085;91774211.0;-51413.918;27862.624;;5436507.921;505582.514;7846996.994;15072.392;1174052.811;33788872.384;1643720.76;0.0;25724110.0;897400.0;3491273.0;2004506.0;0;45688189.692;8795838.692;0.0;;;;36892351.0;0.0;-6008640.791;5890676.517;664303.392
2018-10-01;827370;12726413.656;-6047687.249;70425617.334;91774211.0;-2700.22;45854.327;;7311156.238;212965.154;7228893.036;15324.765;1181205.787;24403052.408;3806293.081;0.0;13459976.0;1004266.0;4045813.0;2040850.0;0;37129466.064;4404233.4;0.0;;;;32711410.0;13822.664;-5204992.484;7521421.172;842694.765
2018-11-01;785660;7571382.464;1831120.541;68594496.794;91774211.0;26855.567;70053.392;;9939721.74;233241.355;3723070.489;11655.658;5554191.03;31703566.96;5639670.568;0.0;18918625.0;1168373.0;4488681.0;1418164.0;0;39274949.424;3331139.424;0.0;;;;35943810.0;0.0;2628436.199;10199818.663;797315.658
2018-12-01;804747;1795419.64;10064834.45;58404419.645;91774211.0;60564.518;92427.815;;12276081.887;337312.379;642995.08;8957.694;10707829.53;39558430.119;7238326.304;0.0;26340089.0;1438068.0;4148926.0;300593.0;0;41353849.759;1001603.759;0.0;;;;40352246.0;0.0;10878539.144;12673958.784;813704.694
2019-01-01;826639;156439.322;13041910.628;45361936.093;91774211.0;1888.631;109807.268;;13607490.374;425099.131;950404.179;9489.186;13992314.807;45064693.084;9580039.816;0.0;29181976.0;1619364.0;4561393.0;12113.0;0;45221132.406;1290308.406;0.0;;;;43930824.0;0.0;13878038.814;14034478.136;836128.186
2019-02-01;752730;5123909.646;4862184.26;40499751.833;91774211.0;21303.624;81020.919;;10456453.901;272944.774;1479327.877;11878.393;6341512.137;30538359.776;4524766.857;0.0;19732651.0;1370718.0;3908492.0;920711.0;0;35662269.422;2091721.422;0.0;;;;33570548.0;0.0;5626792.653;10750702.299;764608.393
2019-03-01;868095;11976639.782;-4048356.405;44548108.238;91774211.0;-49101.948;71502.409;;8420372.031;436035.635;5854166.282;10927.34;1805809.877;39202565.1;1872131.691;0.0;28684658.0;1255247.0;4534604.0;2784422.0;0;51179204.882;6371367.882;0.0;;;;44807837.0;0.0;-3169334.065;8807305.717;879022.34
2019-04-01;830994;16457839.515;-10172192.861;54720301.099;93356211.0;-36342.616;52227.535;;6648969.783;513487.003;11128232.935;9473.516;956040.074;41275875.129;1936197.594;0.0;31031134.0;1282012.0;4540234.0;2434070.0;0;57733714.644;12085208.644;0.0;;;;45648506.0;0.0;-9331725.345;7126114.17;840467.516
2019-05-01;864601;15843437.03;-10461336.464;65181637.562;93356211.0;-7542.891;52395.633;;5783469.998;483892.342;11449127.291;13117.883;987790.827;41339392.089;697095.456;0.0;32015624.0;1047971.0;4377586.0;3148720.0;0;57182829.119;12184839.119;0.0;;;;44997990.0;0.0;-9583617.581;6259819.449;877718.883
2019-06-01;851334;14324262.322;-10750340.719;75931978.631;93356211.0;30720.182;23474.142;;4004236.024;402385.791;11412614.8;12086.394;662274.081;34232911.649;233152.507;0.0;26420098.0;853835.0;4565902.0;2136450.0;0;48557173.971;10932144.971;0.0;;;;37625029.0;0.0;-9886920.325;4437341.997;863420.394
2019-07-01;886243;12997060.31;-9075642.343;85007620.974;93356211.0;-33767.278;20739.99;;4398411.502;457381.256;10178710.616;14364.513;1103068.273;36933170.175;1264081.185;0.0;28232772.0;812722.0;4694035.0;1908820.0;0;49930230.485;6881921.485;0.0;;;;43048309.0;0.0;-8175034.83;4822025.48;900607.513
2019-08-01;867639;9596763.508;-5162804.291;90170425.265;93356211.0;-13281.301;21293.086;;5025844.621;303497.429;6663328.927;14462.532;1500524.636;29339971.593;412806.507;0.0;22175647.0;1435037.0;3209889.0;2085299.0;0;38936735.101;6731826.453;1865.582;;;;32193540.0;9503.066;-4280702.759;5316060.749;882101.532
2019-09-01;677730;9015926.568;-2811897.908;92983420.063;93356211.0;9701.665;30906.984;;6390452.955;494693.288;4270674.605;13089.248;1458776.697;33916332.13;107583.146;0.0;26769448.0;1295678.0;4297018.0;1415698.0;0;42932258.698;9491963.698;0.0;;;;33440295.0;0.0;-2121078.66;6894847.908;690819.248
2019-10-01;924211;7582954.825;48107.19;92935312.873;93684311.0;-79854.821;47852.834;;8343963.132;305889.215;1312138.188;14724.512;1360245.378;27557385.27;527354.436;0.0;17921680.0;1538890.0;4067687.0;3453921.0;0;35140340.095;3847369.095;0.0;;;;31292971.0;0.0;987042.702;8569997.527;938935.512
2019-11-01;898176;9018169.742;363077.802;92572235.071;93684311.0;19389.053;74516.124;;9861319.198;412785.949;2032129.779;14070.656;2395207.581;36756799.272;3966787.148;0.0;27988843.0;1651571.0;2005011.0;1070071.0;0;45774969.014;2169888.014;0.0;;;;43605081.0;0.0;1275324.458;10293494.2;912246.656
2019-12-01;853498;9314391.124;1552080.732;91020154.339;93684311.0;120726.088;84909.26;;11297334.448;316472.272;2340778.342;14562.952;3892859.074;33936801.413;3458476.153;0.0;22673431.0;1755351.0;3946447.0;2018187.0;0;43251192.537;1571297.537;0.0;;;;41679895.0;0.0;2420141.684;11734532.808;868060.952
2020-01-01;819598;1257129.177;11648946.432;79437308.195;93865992.0;2832.115;97807.772;;13437530.355;299438.837;687214.792;14127.698;12336161.224;27594162.829;1338856.057;0.0;19693470.0;2035576.0;4398038.0;30415.0;0;28851292.006;6649256.006;0.0;;;;22202036.0;0.0;12482672.13;13739801.307;833725.698
2020-02-01;754451;5145282.185;4134896.1;75302412.095;93865992.0;-14883.481;77355.949;;9788999.113;273197.586;1480242.786;12683.933;5615138.886;26412439.35;1389878.401;0.0;18634077.0;1699955.0;4435213.0;175960.0;0;31557721.535;4478671.535;0.0;;;;27079050.0;0.0;4902031.033;10047313.218;767134.933
2020-03-01;783044;2982965.192;5921215.243;69381196.852;93865992.0;-5545.644;73981.822;;9226924.562;477687.321;1565327.109;11841.804;7486542.352;43518883.679;3774320.857;0.0;32197094.0;1697461.0;4630587.0;1145439.0;0;46501848.871;8818187.871;0.0;;;;37683661.0;0.0;6716101.047;9699066.239;794885.804
2020-04-01;653190;8694036.504;-3000802.046;72593702.498;95225592.0;17792.851;38311.819;;5936806.452;402621.281;5538276.232;10796.126;2537474.186;37109765.372;1279678.736;0.0;29083059.817;1123062.0;4588277.0;997376.0;0;45803801.876;10598222.876;0.0;;;;35205579.0;0.0;-2336815.92;6357220.584;663986.126
2020-05-01;686098;12215658.261;-7804221.133;80397923.631;95225592.0;3842.557;32880.929;;4764941.192;340148.639;9497058.381;11397.26;1692837.248;33628554.996;785281.067;0.0;25066291.0;1037488.0;4554055.0;2152559.0;0;45844213.257;11226749.257;0.0;;;;34617464.0;0.0;-7106725.873;5108932.388;697495.26
2020-06-01;630314;8586359.806;-4980631.841;85378555.472;95225592.0;13078.312;24798.187;;3832811.035;401669.253;6713970.277;11516.635;1733338.436;36090039.988;485823.001;0.0;27191710.8;1074299.0;4482538.0;2830871.0;0;44676399.794;10352878.794;0.0;;;;34323521.0;0.0;-4338801.206;4247558.6;641830.635
2020-07-01;679288;1644067.198;2257212.621;83121342.85;95225592.0;9685.085;21037.75;;4241618.91;341202.105;5078333.471;11938.281;7335546.092;37893735.471;3779556.46;0.0;24012189.261;1254332.0;4682419.0;4144201.0;0;39537802.669;11192900.669;0.0;;;;28344902.0;0.0;2948438.902;4592506.1;691226.281
2020-08-01;676203;4273746.895;-504550.372;83625893.222;95225592.0;-68998.102;19568.619;;4159804.506;366474.748;5573243.802;11881.629;5068693.43;38440793.51;1725920.626;0.0;25694015.265;2179705.0;4752811.0;4068773.0;0;42714540.405;10077819.405;0.0;;;;32636721.0;0.0;183534.257;4457281.152;688084.629
2020-09-01;602710;6917515.435;-2315534.538;85941427.76;95225592.0;-55605.839;28901.394;;4889784.894;381747.398;5227009.195;11235.557;2911474.657;33367533.247;1158966.685;0.0;24432439.168;1119564.0;4061404.0;2566258.0;0;40285048.682;8958993.682;0.0;;;;31326055.0;0.0;-1701588.981;5215926.454;613945.557
2020-10-01;689029;8012860.802;-376246.156;86317673.917;95792092.0;12857.015;58495.885;;7955753.592;367058.018;3357628.491;10024.979;2981382.335;32470234.074;2691943.964;0.0;24457843.225;1024790.0;2829665.0;1407496.0;0;40483094.876;1852264.876;0.0;;;;38630830.0;0.0;322807.823;8335668.625;699053.979
2020-11-01;667596;7558055.053;2315343.42;84002330.497;95792092.0;19845.074;74220.679;;10293206.883;238096.177;2973063.669;10153.66;5288407.089;28694822.558;3707034.332;0.0;19539243.547;1238590.0;3681727.0;454007.0;0;36252877.611;2147511.611;0.0;;;;34105366.0;0.0;2993093.08;10551148.133;677749.66
2020-12-01;668124;2112405.608;9741847.511;74260482.986;95792092.0;49815.97;96899.352;;12075366.253;407302.421;1575465.278;10107.525;11317312.789;39544928.83;6907501.106;0.0;28896055.372;1296754.0;1616396.0;731323.0;0;41657334.438;1730438.438;0.0;;;;39926896.0;0.0;10420079.036;12532484.644;678231.525
2021-01-01;729307;-10230467.993;22942422.525;51292171.547;95691379.2;-1179.403;109850.388;;12986524.681;465430.67;539834.501;9514.416;23482257.026;51585318.847;17696289.312;0.0;32151785.147;1416129.0;210544.0;721.0;0;41354850.854;3583452.854;0.0;;;;37771398.0;0.0;23681243.941;13450775.948;738821.416
2021-02-01;658255;-5057006.715;15354037.792;35938133.755;95691379.2;5972.568;77166.758;;10730849.696;227912.466;1071984.193;9448.653;16426021.985;27099821.084;9397593.384;0.0;15483384.942;1174630.0;962833.0;4213.0;0;22042814.369;2061079.369;0.0;;;;19981735.0;0.0;16021741.445;10964734.73;667703.653
2021-03-01;699873;-2385686.211;12437051.056;23501082.699;95691379.2;-9825.549;78964.707;;10471414.997;300445.634;2112696.784;10797.237;14549747.84;36629883.436;7955165.031;0.0;24845326.698;1202464.0;1127977.0;1419986.0;0;34244197.225;4623963.225;0.0;;;;29620234.0;0.0;13147721.293;10762035.082;710670.237
2021-04-01;437322;5589679.843;2839228.362;20661854.337;95691379.2;1967.977;59450.809;;8521838.369;354189.277;3056000.924;11765.418;5895229.286;33032706.569;1584507.555;0.0;27355720.205;1110372.0;2126396.0;796260.0;0;38622386.412;3907175.412;0.0;;;;34715211.0;0.0;3288315.78;8877995.623;449087.418
2021-05-01;439592;5399988.467;194803.431;20467050.906;95691379.2;-27744.112;46633.397;;5688004.742;385542.678;4432104.698;11419.41;4626908.129;36819138.063;2774978.375;0.0;30391352.291;821604.0;666702.0;2117868.0;0;42219126.53;6597332.52;80.01;;;;35621714.0;0.0;645814.841;6045803.308;451011.41
2021-06-01;625218;11707415.201;-8045470.087;28512520.993;95691379.2;4607.468;22914.092;;4004388.776;288191.969;8757498.386;10025.099;712028.299;27569267.1;145795.693;0.0;22272516.315;673148.0;1024299.0;3430594.0;0;39276682.301;6302299.636;291.665;;;;32974091.0;0.0;-7410226.988;4297188.213;635243.099
2021-07-01;606690;8709141.571;-5084150.33;33596671.324;95691379.2;-28127.153;22721.313;;3986367.236;285015.721;7533047.828;11574.563;2448897.498;30765479.621;1920346.465;0.0;24952577.843;663608.0;1728170.0;1478056.0;0;39474621.192;6982811.192;0.0;;;;32491810.0;0.0;-4465885.767;4243255.804;618264.563
2021-08-01;625570;14302606.462;-10712349.626;44309020.95;95691379.2;-19956.924;24693.076;;3957772.22;290710.143;11412626.195;12698.603;700276.569;26867679.829;506966.714;0.0;22668508.039;703229.0;1570832.0;1393451.0;0;41170286.291;5836174.291;0.0;;;;35334112.0;0.0;-10074081.023;4228525.439;638268.603
2021-09-01;587888;10907089.864;-6529215.336;50838236.287;95691379.2;13881.681;28283.249;;4637931.875;325295.503;7278252.75;11346.531;749037.414;27408390.954;170612.684;679.7;23482863.321;749317.0;1804442.0;1172193.0;0;38315480.818;5278714.818;0.0;;;;33036766.0;0.0;-5929980.805;4977109.059;599234.531
2021-10-01;702062;10330850.97;-2775419.035;53613655.321;95691379.2;5500.533;22471.454;;7948478.179;316295.499;5288867.823;12780.276;2513448.788;25408118.919;878739.225;33416.509;21835921.731;883958.0;1078424.0;675188.0;0;35738969.889;3468630.889;0.0;;;;32270339.0;0.0;-2060576.759;8270274.211;714842.276
2021-11-01;649207;1338277.811;9579775.838;44033879.484;95691379.2;7019.081;36369.009;;11246719.334;325818.315;803010.89;12296.081;10382786.728;31169240.959;7063526.212;45733.575;22176304.163;1122150.0;448488.0;276670.0;0;32507518.77;1296619.77;0.0;;;;31210899.0;0.0;10241278.919;11579556.73;661503.081
2021-12-01;716898;359899.006;11521171.65;32467542.738;95691379.2;36691.904;56650.454;;12111621.026;462114.638;2270561.252;12458.912;13791732.902;39190396.742;7082991.718;43923.828;29712977.742;1348372.0;731628.0;213853.0;0;39550295.748;4300146.748;0.0;;;;35250149.0;0.0;12250528.562;12610427.568;729356.912
2022-01-01;682569;414003.169;11785274.328;21249299.65;96834402.362;-26025.318;46738.53;0.0;12623141.94;295901.931;1449301.857;11172.056;13234576.185;27016683.766;4427615.719;58608.812;17047918.705;1394439.0;3313145.0;728218.0;0;27430686.935;7399725.887;0.0;;;;20030961.048;0.0;12479015.384;12893018.553;693741.056
2022-02-01;606178;5059522.128;4734451.007;16514848.642;96834402.362;-22205.999;34956.493;0.0;10160832.457;272838.19;1599280.599;11313.513;6333731.606;21635988.368;1686983.631;46856.81;14293415.434;1110323.0;3537830.0;925623.0;0;26695510.496;7834247.757;0.0;;;;18861262.739;0.0;5351942.52;10411464.648;617491.513
2022-03-01;645219;6087388.2;4005941.372;12508882.97;96834402.362;31120.757;29693.669;0.0;10411155.994;309166.192;3407332.921;12894.371;7413274.293;33850192.314;4331387.144;45039.114;21310600.387;1436048.0;4043028.0;2654396.0;0;39937580.514;7907480.538;9357.509;;;;32020742.467;0.0;4664054.743;10751442.943;658113.371
2022-04-01;533779;12608394.47;-5589448.89;18098331.86;96834402.362;-7754.033;21639.593;0.0;7339888.035;232894.065;7816971.225;12303.487;2227522.335;19708094.754;247804.103;30138.998;12767745.06;1208544.0;4268615.0;1163608.0;0;32316489.224;12099619.354;0.0;;;;20216869.87;0.0;-5043366.403;7565028.067;546082.487
2022-05-01;571162;17622106.256;-13194051.97;31292383.829;96834402.362;-9967.418;10834.436;0.0;4740171.852;280848.918;14754465.654;11837.066;1560413.684;18867757.372;19293.305;18753.867;11296315.764;686246.0;4285628.0;2550686.0;0;36489863.628;14653337.277;0.0;;;;21836526.351;0.0;-12611052.904;5011053.352;582999.066
2022-06-01;577141;15235940.53;-11810737.313;43103121.142;96834402.362;-27673.126;7547.25;0.0;3776088.719;264764.968;13162228.308;10836.344;1351490.995;14117605.274;91332.867;14963.414;7311079.743;575880.0;3623310.0;2493492.0;0;29353545.804;13568365.157;0.0;;;;15785180.647;0.0;-11222759.969;4013180.561;587977.344
2022-07-01;567047;10921853.005;-7764586.62;50867707.762;96834402.362;-73317.864;5926.659;0.0;3571801.267;237552.251;9566383.927;11722.269;1801797.307;17024843.147;216694.096;12091.686;11174878.706;957886.0;2807005.0;1850361.0;0;27946696.152;12985511.293;0.0;;;;14961184.859;0.0;-7185817.351;3736035.654;578769.269
2022-08-01;563840;15854364.537;-13017354.572;63885062.334;96834402.362;-40356.952;6222.53;0.0;3284466.485;168460.406;14551808.802;11719.974;1534454.23;15050884.634;36136.149;14853.305;8680274.65;1464244.0;2009716.0;2839438.0;0;30905249.171;17536015.038;0.0;;;;13369234.133;0.0;-12441794.598;3412569.939;575559.974
2022-09-01;561683;16341634.138;-11857850.822;76212153.156;96834402.362;-30886.905;11830.483;0.0;4960668.746;127636.036;13834282.249;11951.561;1976431.427;10085548.616;99951.824;21381.182;4757527.127;641356.0;2009932.0;2543570.0;0;26427182.754;16859927.747;0.0;5706.038;;;9561548.969;0.0;-11284216.261;5057417.877;573634.561
2022-10-01;526952;18424515.32;-12972549.038;89057641.164;96834402.362;-18777.104;13655.314;0.0;5818413.138;189857.432;13890945.143;10575.184;918396.105;6992006.787;48232.567;23866.472;321491.434;563773.0;3998030.0;2022958.0;0;25416522.107;16854446.033;0.0;2037082.828;;;6524993.246;0.0;-12435021.854;5989493.466;537527.184
2022-11-01;494046;9243845.926;-1026014.46;90083655.625;96834402.362;-208157.397;24322.777;0.0;8807599.748;122652.076;4172447.716;10216.961;3146433.256;7824017.276;2208539.122;36935.761;1647668.616;591183.0;1814740.0;1500628.0;0;17067863.202;6545326.109;0.0;973810.315;;;9548726.778;0.0;-521751.499;8722094.427;504262.961
2022-12-01;491523;3525999.176;6466499.904;83617155.722;96834402.362;-263769.964;52415.433;0.0;10635798.836;122259.518;2915932.0;10266.31;9382431.904;13356532.552;6986280.584;38520.528;5070625.007;662419.0;12476.0;533796.0;0;16882531.728;2597942.551;0.0;495324.639;;;13789264.538;0.0;6968289.214;10494288.39;501789.31
2023-01-01;569774;579038.169;8878376.045;74955586.468;96788381.333;175525.327;38315.806;0.0;9704266.796;159439.537;1575261.88;12043.446;10453637.925;14163195.472;4492284.818;52060.866;7819157.982;756376.0;437502.0;567498.0;0;14742233.641;8006794.956;0.0;408675.46;;;6326763.225;0.0;9460193.491;10039231.66;581817.446
2023-02-01;503765;1665121.079;7005446.496;67950139.972;96788381.333;192323.528;32758.51;0.0;8891148.31;101833.286;1300913.789;10972.549;8306360.285;10229623.86;3811615.667;43966.417;3803074.266;771383.0;1499123.0;267703.0;0;11894744.939;5415108.531;0.0;327921.344;;;6151715.064;0.0;7520184.045;9185305.124;514737.549
2023-03-01;534930;3982706.416;3371462.477;64578677.495;96788381.333;111273.85;26600.229;0.0;7696312.968;93685.513;3130607.482;12173.438;6502069.959;10088451.333;2615670.635;37474.04;2544399.429;727975.0;4068158.0;68174.0;0;14071157.749;4762717.479;0.0;881195.162;;;8427245.108;0.0;3918565.915;7901272.331;547103.438
2023-04-01;476591;8518764.181;-2110176.343;66583907.838;96587381.333;-158123.194;22485.563;0.0;6929837.423;124069.463;4491220.765;10604.854;2381044.422;7266131.96;433954.351;31104.192;2800516.854;613594.0;2826428.0;538049.0;0;15784896.141;6872858.129;62.891;1299934.075;;;7612041.046;0.0;-1622980.489;6895783.692;487195.854
2023-05-01;501164;11066258.03;-6742340.838;73326248.677;96587381.333;-59038.003;11807.377;0.0;4735190.418;160050.353;8026047.197;11121.576;1283706.359;9986415.953;15710.826;20204.147;2837499.603;685165.0;4288658.0;2127371.0;0;21052673.983;11842660.922;0.0;901137.786;;;8308875.275;0.0;-6230055.262;4836202.768;512285.576
2023-06-01;493998;9416280.196;-6477776.911;79804025.587;96802025.767;-46973.811;5853.972;0.0;3372900.825;117003.941;7786026.755;10429.67;1308249.844;7508648.283;41531.161;13499.175;1188865.975;397442.0;3148961.0;2712495.0;0;16924928.479;7276404.581;87.735;1313716.244;;;8334719.919;0.0;-5973349.241;3442930.955;504427.67
2023-07-01;510603;8458372.169;-5512979.968;85317005.555;96802025.767;15966.549;5303.305;0.0;3350660.594;98917.778;6794355.854;9549.72;1281375.886;8311229.732;5196.656;12960.812;1136785.959;424118.0;4371659.0;2355206.0;0;16769601.901;7077164.026;0.0;1484355.938;;;8208081.937;0.0;-4992827.248;3465544.921;520152.72
2023-08-01;526743;7826652.236;-5122511.537;90438513.88;97333845.767;-19295.48;6341.048;0.0;3151634.466;107593.72;6604658.724;9049.007;1482147.187;5476217.634;1784.508;14414.674;577105.404;247470.0;2515226.0;2113876.0;0;13302869.87;5471650.911;0.0;3034523.146;;;4796695.813;0.0;-4586719.53;3239932.706;535792.007
2023-09-01;487340;5474300.759;-1986226.355;92424740.234;97333845.767;38685.312;8540.478;0.0;3848900.056;100156.559;3274382.987;12327.523;1288156.632;2866131.608;652602.784;15301.046;1079530.3;315374.0;769183.0;25600.0;0;8340432.367;1662599.464;0.0;1262322.626;;;5415510.277;0.0;-1486558.832;3987741.927;499667.523
2023-10-01;480375;9640120.932;-4654295.162;97079035.396;97333845.767;129349.789;15273.763;0.0;5230734.809;118649.216;5788172.672;12533.044;1133877.51;2497115.471;706025.417;22357.789;737519.502;312202.0;202357.0;501380.0;0;12137236.403;3212271.391;0.0;639448.589;;;8285516.423;0.0;-4161387.118;5478733.814;492908.044
2023-11-01;525678;5251499.347;2384023.313;94694338.012;97333845.767;-87027.597;27545.902;0.0;8150812.305;108738.725;1580912.874;11322.773;3964936.187;5245971.358;3575814.551;42443.574;434741.331;612834.0;336722.0;215870.0;0;10497470.705;1063176.526;0.0;1421220.344;;;8013073.835;0.0;2921024.086;8172523.433;537000.773
2023-12-01;529798;5540681.047;3865096.123;90829241.888;97333845.767;35739.884;31551.102;0.0;9799727.117;112019.442;2251587.514;11911.273;6116683.637;6611291.688;3172170.435;48626.214;2141514.937;764036.0;54295.0;399098.0;0;12151972.735;1723610.094;0.0;405405.969;;;10022956.672;0.0;4406805.396;9947486.443;541709.273
2024-01-01;520683;-331813.631;11092822.466;79826552.862;98736345.767;-25407.884;38317.403;0.0;11214572.513;102295.745;409287.122;9768.539;11502109.588;10444680.055;6170474.952;53883.012;2365716.6;816348.85;27532.708;972406.53;0;10112866.424;1118232.535;0.0;111661.745;;;8882972.144;0.0;11623274.005;11291460.374;530451.539
2024-02-01;484817;3732609.843;3330825.133;76457247.754;98736345.767;99981.904;25285.306;0.0;7347712.915;110485.087;975413.063;9927.93;4306238.196;5622436.075;993839.712;38619.459;3235857.633;718246.903;91604.164;518982.898;0;9355045.918;1458148.709;0.0;2.778;;;7896894.431;0.0;3825570.063;7558179.906;494744.93
2024-03-01;520530;2175085.997;4032516.153;72406784.784;98965745.767;70887.395;22552.377;0.0;6559870.324;107874.011;1535700.988;10499.58;5568217.141;9743563.757;738647.053;36722.134;7964793.511;711006.462;36372.5;233469.72;0;11918649.754;1852187.242;0.0;22405.806;;;10044056.706;0.0;4563545.733;6738631.73;531029.58
2024-04-01;480772;5517613.714;-778497.148;73153154.745;98965746.665;8629.832;17683.212;0.0;5088613.731;132776.907;4988267.353;10131.904;4209770.205;7886851.072;829220.632;31486.255;6191406.878;608614.893;7552.5;200886.702;0;13404464.786;2592403.378;0.0;116799.283;;;10695262.125;0.0;-287593.244;5230020.47;490903.904
2024-05-01;509881;8329146.435;-5004853.831;78174284.364;98965746.665;-20721.208;10244.021;0.0;3718091.645;147573.492;6282348.157;10770.325;1277494.326;4626472.383;16295.567;22508.693;3962207.717;465786.129;1761.111;147669.145;0;12955618.818;2925650.966;0.0;0.703;;;10029967.149;0.0;-4484202.506;3844943.929;520651.325
2024-06-01;488677;8623184.59;-5583308.285;83775818.506;98965746.665;-59347.234;8786.394;0.0;3477076.902;122220.755;7512706.152;11397.118;1929397.867;5417082.205;17028.111;18785.206;4165948.057;413958.018;16271.944;776304.475;0;14040266.795;4966952.843;0.0;34995.805;;;9038318.147;0.0;-5083234.167;3539950.423;500074.118
2024-07-01;539488;6382468.359;-3618109.33;87498196.01;98965746.665;-8375.62;5695.157;0.0;3203358.038;119504.404;8732007.473;10639.793;5113898.143;9311466.998;10022.473;14912.172;7744005.139;391428.041;1729.444;1143674.572;0;15693935.357;6235270.597;0.0;2.021;;;9458662.739;0.0;-3067981.537;3314486.822;550127.793
2024-08-01;525545;8902037.68;-6195762.942;93693958.952;98965746.665;52342.061;5058.549;0.0;3056990.868;132690.978;9497771.169;10204.169;3302008.227;6154933.356;13917.97;13835.09;4174778.343;337922.965;1131.944;1608288.495;0;15056971.036;5754095.309;0.0;66617.03;;;9236258.697;0.0;-5660013.773;3242023.907;535749.169
2024-09-01;462138;4405330.197;-768001.751;94461961.141;100049468.894;85944.602;10303.647;0.0;3893666.947;130117.598;5619907.654;10262.701;4851905.903;9659176.668;9066.314;21379.898;8470794.983;503890.858;45744.167;597996.801;0;14064506.865;3419797.789;0.0;0.705;;;10644708.371;0.0;-295601.05;4109729.147;472400.701
2024-10-01;461154;7011287.958;-1543877.261;96093289.25;100049468.894;143747.004;15863.338;0.0;5683425.347;111906.994;3242382.15;10514.648;1698504.889;4113153.795;535920.575;27210.681;2072973.455;453243.299;25367.501;982574.946;0;11124441.753;1460020.859;0.0;700210.301;;;8964210.593;0.0;-1072208.613;5939079.345;471668.648
2024-11-01;468524;4251456.355;5490139.197;90662659.082;100049468.894;-71463.261;26908.111;0.0;10177825.943;112835.699;763101.519;9078.829;6253240.716;5807402.294;2873414.204;42731.325;1661782.396;756326.315;1413.333;444826.61;0;10058858.649;1097220.27;0.0;86881.224;;;8874757.155;0.0;5967742.026;10219198.381;477602.829
2024-12-01;496069;-738515.145;11126671.867;79643457.038;100049468.894;20424.366;36526.203;0.0;10751979.639;122150.706;1411233.767;10328.989;12537905.634;13174413.336;6366282.322;53645.928;5761524.987;945241.358;1125.554;10066.984;0;12435898.191;1856134.876;0.0;162323.226;;;10417440.089;0.0;11633069.856;10894554.711;506397.989
2025-01-01;500640;-4788223.119;16104661.627;63538386.569;99641968.894;-112671.213;34702.938;0.0;11837103.145;103555.968;828342.556;10909.392;16933004.183;11997509.072;9089912.595;53018.773;1832744.192;987126.587;0.0;3.987;0;7209285.953;5008857.322;0.0;493319.436;;;1707109.195;0.0;16616211.019;11827987.9;511549.392
2025-02-01;457229;-2814759.533;13095884.075;50342502.494;99641968.894;-112370.803;29469.567;0.0;10763984.442;98159.421;1201691.055;11419.518;14297575.13;9910040.916;5604239.555;44543.92;1330004.951;895992.404;1725212.502;280578.017;0;7095281.383;4969204.225;0.0;931174.645;;;1194902.513;0.0;13564532.593;10749773.06;468648.518
2025-03-01;494322;1126176.796;6758162.353;43559474.938;99641968.894;6699.636;22780.334;0.0;8282653.213;102012.052;1603325.413;12703.752;8361487.766;7054133.618;3688944.716;37917.568;130.942;738164.19;1715960.002;850235.866;0;8180310.414;4944901.83;0.0;3220148.043;;;15260.541;0.0;7265188.105;8391364.901;507025.752
2025-04-01;436157;9383420.007;-4009998.779;47547579.024;99641968.894;33609.526;14346.882;0.0;5647418.439;140193.795;7590479.543;11643.532;3580480.764;5249575.473;187828.361;25632.384;1004487.44;512490.211;2773047.5;731742.695;0;14632995.48;12142933.266;0.0;2284735.144;;;205327.07;0.0;-3562198.247;5821221.76;447800.532
2025-05-01;452819;10398568.618;-6488222.693;54060190.273;99641968.894;-115087.291;10947.905;0.0;4312973.927;178092.728;8390922.002;12814.439;1902699.309;5849295.95;16396.179;23654.116;148880.716;530903.409;4130298.888;988214.737;0;16247864.568;14507545.951;0.0;1659207.557;;;81111.06;0.0;-6022589.254;4375979.364;465633.439
2025-06-01;424996;13776416.307;-10826595.498;64927048.944;99641968.894;-54066.451;5449.181;0.0;3268571.221;173470.618;12905698.811;13158.579;2079103.313;6969641.6;15966.122;15813.812;397.456;440815.029;3892344.725;2598855.275;0;20746057.907;19045732.347;0.0;1700325.56;;;0.0;0.0;-10388440.919;3387975.388;438154.579
2025-07-01;489839;11708890.847;-8750832.198;73692757.704;99641968.894;5474.22;5683.802;0.0;3256887.794;198842.588;13461829.752;13306.953;4710997.554;6521777.999;10009.579;16351.721;40933.901;494062.342;2368156.205;3586580.449;0;18230668.846;17044819.737;0.0;1185848.503;;;0.606;0.0;-8247686.245;3461204.602;503145.953
2025-08-01;455138;10533066.26;-7823529.099;81548722.764;99641968.894;-26126.33;5655.165;0.0;3020027.169;185270.91;11012801.324;14496.588;3189272.225;7579722.939;5251.592;13726.19;773599.18;465128.867;2563096.664;3753265.281;0;18112789.199;17541486.432;0.0;559534.085;;;11768.682;0.0;-7353894.511;3179171.749;469634.588
2025-09-01;437290;7491598.533;-4080935.197;85595690.473;100049468.894;38291.153;9017.837;0.0;3655462.882;169444.758;7925513.173;15245.457;3844577.976;6916697.081;114983.833;24386.483;1080882.856;692738.17;2533178.889;2461509.013;0;14408295.614;13397303.304;0.0;1010992.31;;;0.0;0.0;-3628399.74;3863198.793;452535.457
2025-10-01;421532;5487462.686;1223901.767;84353120.55;100049468.894;33813.324;16539.408;0.0;6954952.941;160818.502;3475922.627;16688.314;4699824.394;6802887.169;1575913.56;29554.521;153200.357;986492.372;2526918.058;1514268.893;0;12290349.855;9589925.22;0.0;2694206.124;;;6218.511;0.0;1662122.081;7149584.767;438220.314
2025-11-01;433672;2000172.393;6772785.399;77655367.329;100049468.894;-118559.099;27999.54;0.0;9160111.323;179262.269;2042164.699;14184.701;8814950.098;10464304.754;4984781.401;39114.669;106834.515;1045356.264;2343649.724;1916568.641;0;12464477.147;10397510.748;0.0;2060034.726;;;6931.673;0.0;7220642.1;9220814.493;447856.701
2025-12-01;440654;-3091513.155;13466495.712;64243375.352;100049468.894;-79010.25;34907.948;0.0;10739945.204;170137.255;1485250.074;15435.652;14951745.786;14098024.551;6825637.06;46201.771;566891.402;1016892.645;3548168.332;2059325.393;0;11006511.396;10516459.19;0.0;490052.206;;;0.0;0.0;13922585.364;10831072.209;456089.652
2026-01-01;553494;-5772713.243;18548691.91;45819758.594;99641968.894;29000.137;38682.083;0.0;13180186.751;134699.201;993842.195;14413.423;19542534.105;16491652.078;9069983.279;53267.62;3017682.974;1378071.888;2534429.447;399534.787;0;10718938.835;8184309.89;0.0;679164.523;;;1855464.422;0.0;19116599.333;13343886.09;567907.423
2026-02-01;435677;-828410.696;10337871.569;36427847.54;99641968.894;28794.628;26710.565;0.0;9815009.002;115486.839;1352396.223;14152.596;11690267.792;8047504.472;4307607.905;39655.324;708299.662;994573.446;796179.444;1174478.126;0;7219093.776;5315943.314;0.0;1579775.929;;;323374.533;0.0;10787701.165;9959290.469;449829.596
2026-03-01;478583;4628406.814;2580629.578;34938441.57;99641968.894;-16230.274;24044.875;0.0;7609767.742;111416.556;2197670.155;17334.632;4778299.733;3877598.877;1004684.264;37513.486;42430.841;902582.617;404022.222;1462320.572;0;8506005.691;6965455.835;0.0;1540549.856;;;0.0;0.0;3076547.21;7704954.024;495917.632
2026-04-01;314848;9753852.221;-4067109.806;38973434.801;99641968.894;-77059.227;14542.351;0.0;5949997.559;145906.065;6317792.867;17253.982;2250683.061;4286747.146;372898.034;25146.403;596590.463;743672.105;1602046.667;931851.123;0;14040599.367;11748571.077;0.0;2190922.921;;;101105.369;0.0;-3735007.824;6018844.397;332101.982
2026-05-01;446422;11331121.928;-7739315.16;46720976.921;99641968.894;-74310.594;9504.758;0.0;3936545.169;194676.006;8622979.167;18681.814;883664.007;3523155.425;94241.867;22358.849;257.893;433737.73;961578.057;2001476.271;0;14854277.353;12795565.404;0.0;2047171.379;;;11540.57;0.0;-7274211.346;4056910.582;465103.814
2026-06-01;485873;10456413.955;-7755098.11;54508979.831;99641968.894;-68452.981;6070.729;0.0;3099149.333;173583.555;8164745.997;17091.062;409647.887;4192434.637;9777.662;16547.229;1408348.144;368849.56;478615.279;1904226.034;0;14648848.592;14430252.502;0.0;218596.09;;;0.0;0.0;-7252134.048;3204279.907;502964.062
2026-07-01;504682;9197793.077;-6359066.996;60924934.714;99641968.894;5394.698;4329.879;0.0;3186301.137;168281.514;6895362.42;16569.268;536295.424;4487943.39;9477.551;13041.847;2875825.505;435441.95;208366.387;941460.271;0;13685736.467;13685736.467;0.0;;;;0.0;0.0;-5837815.728;3359977.349;521251.268
